{"bot_position": {"x": 16.5, "y": 0.0, "z": 13.0}, "dance_floor": [[10.5, 15.5, 0.25, 0.25, 22.0, 27.5], [12.5, 16.5, 8.030000686645508, 8.030000686645508, 24.5, 29.5]]}